number,problem_id,opened_at,u_next_action_due_date,short_description,cmdb_ci,category,state,assignment_group,opened_by,impact,urgency,sys_updated_on,description,u_reopen_count,close_notes
INC6053148,,17/12/2025 20:52,,BR-H9-LEAF4 - Power supply 1 down,Network,Performance,Awaiting Evidence,Data Center Operations,Anusha S (Contractor) (T63877),3 - Low,3 - Low,18/12/2025 18:46,"NOC observed the power supply 1 down alert for BR-H9-LEAF4 in PRTG 
 
 
 
 REPORTED BY: PRTG
 
 REPORTED ISSUE: Power Supply 1 down
 
 AREA REPORTED FROM: Brea
 
 ARISTA Switch : BR-H9-LEAF4",,
INC6052309,PRB0057853,15/12/2025 02:01,,BGP Peer 12.91.173.93 not established on BR-INET-RT-A,Network,Performance,Closed,NOC,SW User,1 - High,1 - High,20/12/2025 00:00,"Router: BR-INET-RT-A 
 Neighbor IP: 12.91.173.93 
 State: Idle
 
 Trigger Time: Monday, December 15, 2025 2:01 AM
 
 Router Details: https://orion.int.mgc.com:443/Orion/NetPerfMon/NodeDetails.aspx?NetObject=N:3782 
 
 
 KB: KB0014447
 
 BR-INET-RT-A
 AT&T: 12.91.173.93
 
 BR-INET-RT-B
 Spectrum: 173.197.80.1
 Lumen: 4.38.224.189
 
 LV-INET-RT-A
 AT&T: 12.124.140.25
 
 LV-INET-RT-B
 Lumen: 65.56.156.121
 Spectrum: 173.197.165.33",1,"Incident resolved based on closure of problem PRB0057853 - Brea DC - AT&T ADI & MPLS Circuits Down with notes:
 The outage was due to vandalism and has been resolved. Circuits have not experienced any flaps or downtime since the service was restored. AT&T ticket CS2723356 was opened for this outage, and was referred to specialist for RCA."
INC6052227,,12/12/2025 17:46,23/12/2025 10:00,Multiple firewall reboot alerts observed in SolarWinds,Firewall,Performance,Awaiting Evidence,NOC,Anusha S (Contractor) (T63877),3 - Low,3 - Low,22/12/2025 17:52,"At 17:04, NOC received below firewall reboot alerts in SolarWinds:
 
 ""This alert is triggered when there is a change to the ""Last Boot"" time on the device, indicating a reboot.
 
 If there is no active change, please escalate to the on-call for the device to assess impact.
 
 This alert will need to be manually cleared from the SolarWinds alert page.
 
 Firwall Rebooted Alert Br-int-fw-2
 
 Firwall Rebooted Alert New-Br-ext-fw-2
 
 Firwall Rebooted Alert New-Lv-ext-fw-2
 
 Firwall Rebooted Alert New-Br-ext-fw-1
 
 Firwall Rebooted Alert New-Lv-ext-fw-1
 
 Firwall Rebooted Alert CLRWATER-FW2
 
 Firwall Rebooted Alert Br-int-fw-1
 
 Firwall Rebooted Alert LSANCA-INETX-FW
 
 Firwall Rebooted Alert CLRWATER-FW1
 
 Firwall Rebooted Alert NEW-RCMNCA-INET-FW""
 
 
 
 Note: PRTG did not show any related logs or down alerts, only SolarWinds alerted. Sean was available in teams and he confirmed that although an SSH rule was removed under an approved CHG0155331, the firewalls have not rebooted and had been up for 258 days. Since all firewalls were operational, no reboot was confirmed and no impact so problem was not raised. This INC6052227 was created for tracking.",,
INC6052218,,12/12/2025 17:06,,NOC - Firewall Rebooted NEW-RCMNCA-INET-FW,Firewall,Performance,Closed,NOC,SW User,1 - High,1 - High,16/12/2025 00:00,"This alert is triggered when there is a change to the ""Last Boot"" time on the device, indicating a reboot.
 
 If there is no active change, please escalate to the on-call for the device.
 
 This alert will need to be manually cleared from the SolarWinds alert page.
 
 Trigger Time: Friday, December 12, 2025 5:06 PM
 Device: NEW-RCMNCA-INET-FW 
 IP: 10.96.129.10
 
 Last Boot: 12/12/2025 5:04:00 PM
 
 
 
 
 View full device details here: https://orion.int.mgc.com:443/Orion/NetPerfMon/NodeDetails.aspx?NetObject=N:3959.
 View full alert details here: https://orion.int.mgc.com:443/Orion/View.aspx?NetObject=AAT:31169
 
 KB:",0,
INC6052217,,12/12/2025 17:05,,NOC - Firewall Rebooted CLRWATER-FW1,Firewall,Performance,Closed,NOC,SW User,1 - High,1 - High,16/12/2025 00:00,"This alert is triggered when there is a change to the ""Last Boot"" time on the device, indicating a reboot.
 
 If there is no active change, please escalate to the on-call for the device.
 
 This alert will need to be manually cleared from the SolarWinds alert page.
 
 Trigger Time: Friday, December 12, 2025 5:05 PM
 Device: CLRWATER-FW1 
 IP: 10.97.47.11
 
 Last Boot: 12/12/2025 5:04:00 PM
 
 
 
 
 View full device details here: https://orion.int.mgc.com:443/Orion/NetPerfMon/NodeDetails.aspx?NetObject=N:3662.
 View full alert details here: https://orion.int.mgc.com:443/Orion/View.aspx?NetObject=AAT:31168
 
 KB:",0,
INC6052216,,12/12/2025 17:05,,NOC - Firewall Rebooted LSANCA-INETX-FW,Firewall,Performance,Closed,NOC,SW User,1 - High,1 - High,16/12/2025 00:00,"This alert is triggered when there is a change to the ""Last Boot"" time on the device, indicating a reboot.
 
 If there is no active change, please escalate to the on-call for the device.
 
 This alert will need to be manually cleared from the SolarWinds alert page.
 
 Trigger Time: Friday, December 12, 2025 5:05 PM
 Device: LSANCA-INETX-FW 
 IP: 10.96.47.26
 
 Last Boot: 12/12/2025 5:04:00 PM
 
 
 
 
 View full device details here: https://orion.int.mgc.com:443/Orion/NetPerfMon/NodeDetails.aspx?NetObject=N:4004.
 View full alert details here: https://orion.int.mgc.com:443/Orion/View.aspx?NetObject=AAT:31126
 
 KB:",0,
INC6052215,,12/12/2025 17:05,,NOC - Firewall Rebooted Br-int-fw-1,Firewall,Performance,Closed,NOC,SW User,1 - High,1 - High,16/12/2025 00:00,"This alert is triggered when there is a change to the ""Last Boot"" time on the device, indicating a reboot.
 
 If there is no active change, please escalate to the on-call for the device.
 
 This alert will need to be manually cleared from the SolarWinds alert page.
 
 Trigger Time: Friday, December 12, 2025 5:05 PM
 Device: Br-int-fw-1 
 IP: 10.32.64.13
 
 Last Boot: 12/12/2025 5:03:00 PM
 
 
 
 
 View full device details here: https://orion.int.mgc.com:443/Orion/NetPerfMon/NodeDetails.aspx?NetObject=N:1009.
 View full alert details here: https://orion.int.mgc.com:443/Orion/View.aspx?NetObject=AAT:31167
 
 KB:",0,
INC6052214,,12/12/2025 17:05,,NOC - Firewall Rebooted CLRWATER-FW2,Firewall,Performance,Closed,NOC,SW User,1 - High,1 - High,16/12/2025 00:00,"This alert is triggered when there is a change to the ""Last Boot"" time on the device, indicating a reboot.
 
 If there is no active change, please escalate to the on-call for the device.
 
 This alert will need to be manually cleared from the SolarWinds alert page.
 
 Trigger Time: Friday, December 12, 2025 5:05 PM
 Device: CLRWATER-FW2 
 IP: 10.97.47.12
 
 Last Boot: 12/12/2025 5:04:00 PM
 
 
 
 
 View full device details here: https://orion.int.mgc.com:443/Orion/NetPerfMon/NodeDetails.aspx?NetObject=N:3658.
 View full alert details here: https://orion.int.mgc.com:443/Orion/View.aspx?NetObject=AAT:31166
 
 KB:",0,
INC6052213,,12/12/2025 17:04,,NOC - Firewall Rebooted New-Lv-ext-fw-1,Firewall,Performance,Closed,NOC,SW User,1 - High,1 - High,16/12/2025 00:00,"This alert is triggered when there is a change to the ""Last Boot"" time on the device, indicating a reboot.
 
 If there is no active change, please escalate to the on-call for the device.
 
 This alert will need to be manually cleared from the SolarWinds alert page.
 
 Trigger Time: Friday, December 12, 2025 5:04 PM
 Device: New-Lv-ext-fw-1 
 IP: 10.48.16.11
 
 Last Boot: 12/12/2025 5:03:00 PM
 
 
 
 
 View full device details here: https://orion.int.mgc.com:443/Orion/NetPerfMon/NodeDetails.aspx?NetObject=N:3951.
 View full alert details here: https://orion.int.mgc.com:443/Orion/View.aspx?NetObject=AAT:31164
 
 KB:",0,
INC6052212,,12/12/2025 17:04,,NOC - Firewall Rebooted New-Br-ext-fw-1,Firewall,Performance,Closed,NOC,SW User,1 - High,1 - High,16/12/2025 00:00,"This alert is triggered when there is a change to the ""Last Boot"" time on the device, indicating a reboot.
 
 If there is no active change, please escalate to the on-call for the device.
 
 This alert will need to be manually cleared from the SolarWinds alert page.
 
 Trigger Time: Friday, December 12, 2025 5:04 PM
 Device: New-Br-ext-fw-1 
 IP: 10.32.64.11
 
 Last Boot: 12/12/2025 5:03:00 PM
 
 
 
 
 View full device details here: https://orion.int.mgc.com:443/Orion/NetPerfMon/NodeDetails.aspx?NetObject=N:4009.
 View full alert details here: https://orion.int.mgc.com:443/Orion/View.aspx?NetObject=AAT:31165
 
 KB:",0,
INC6052211,,12/12/2025 17:04,,NOC - Firewall Rebooted New-Lv-ext-fw-2,Firewall,Performance,Closed,NOC,SW User,1 - High,1 - High,16/12/2025 00:00,"This alert is triggered when there is a change to the ""Last Boot"" time on the device, indicating a reboot.
 
 If there is no active change, please escalate to the on-call for the device.
 
 This alert will need to be manually cleared from the SolarWinds alert page.
 
 Trigger Time: Friday, December 12, 2025 5:04 PM
 Device: New-Lv-ext-fw-2 
 IP: 10.48.16.12
 
 Last Boot: 12/12/2025 5:03:00 PM
 
 
 
 
 View full device details here: https://orion.int.mgc.com:443/Orion/NetPerfMon/NodeDetails.aspx?NetObject=N:3950.
 View full alert details here: https://orion.int.mgc.com:443/Orion/View.aspx?NetObject=AAT:31163
 
 KB:",0,
INC6052210,,12/12/2025 17:04,,NOC - Firewall Rebooted New-Br-ext-fw-2,Firewall,Performance,Closed,NOC,SW User,1 - High,1 - High,16/12/2025 00:00,"This alert is triggered when there is a change to the ""Last Boot"" time on the device, indicating a reboot.
 
 If there is no active change, please escalate to the on-call for the device.
 
 This alert will need to be manually cleared from the SolarWinds alert page.
 
 Trigger Time: Friday, December 12, 2025 5:04 PM
 Device: New-Br-ext-fw-2 
 IP: 10.32.64.12
 
 Last Boot: 12/12/2025 5:03:00 PM
 
 
 
 
 View full device details here: https://orion.int.mgc.com:443/Orion/NetPerfMon/NodeDetails.aspx?NetObject=N:4010.
 View full alert details here: https://orion.int.mgc.com:443/Orion/View.aspx?NetObject=AAT:31162
 
 KB:",0,
INC6052209,,12/12/2025 17:04,,NOC - Firewall Rebooted Br-int-fw-2,Firewall,Performance,Closed,NOC,SW User,1 - High,1 - High,16/12/2025 00:00,"This alert is triggered when there is a change to the ""Last Boot"" time on the device, indicating a reboot.
 
 If there is no active change, please escalate to the on-call for the device.
 
 This alert will need to be manually cleared from the SolarWinds alert page.
 
 Trigger Time: Friday, December 12, 2025 5:04 PM
 Device: Br-int-fw-2 
 IP: 10.32.64.14
 
 Last Boot: 12/12/2025 5:03:00 PM
 
 
 
 
 View full device details here: https://orion.int.mgc.com:443/Orion/NetPerfMon/NodeDetails.aspx?NetObject=N:1010.
 View full alert details here: https://orion.int.mgc.com:443/Orion/View.aspx?NetObject=AAT:31161
 
 KB:",0,
INC6051661,,10/12/2025 21:36,,NNode down alert brprpnet201,Network,Performance,Closed,Network Engineering,SW User,3 - Low,3 - Low,20/12/2025 00:00,"NOC - Node down alert 
 
 Device: brprpnet201
 IP: 10.32.64.33
 Trigger Time: Wednesday, December 10, 2025 9:36 PM
 
 KB:",3,Alert reset - issue detected as resolved by Orion.
INC6050937,,09/12/2025 0:15,,BGP Peer 173.197.80.1 not established on BR-INET-RT-B,Network,Performance,Closed,NOC,SW User,1 - High,1 - High,13/12/2025 00:00,"Router: BR-INET-RT-B 
 Neighbor IP: 173.197.80.1 
 State: Idle
 
 Trigger Time: Tuesday, December 9, 2025 12:15 AM
 
 Router Details: https://orion.int.mgc.com:443/Orion/NetPerfMon/NodeDetails.aspx?NetObject=N:3783 
 
 
 KB: KB0014447
 
 BR-INET-RT-A
 AT&T: 12.91.173.93
 
 BR-INET-RT-B
 Spectrum: 173.197.80.1
 Lumen: 4.38.224.189
 
 LV-INET-RT-A
 AT&T: 12.124.140.25
 
 LV-INET-RT-B
 Lumen: 65.56.156.121
 Spectrum: 173.197.165.33",0,Alert reset - issue detected as resolved by SolarWinds Platform.
INC6048946,PRB0057790,28/11/2025 03:50,,BGP Peer 12.91.173.93 not established on BR-INET-RT-A,Network,Performance,Closed,NOC,SW User,1 - High,1 - High,03/12/2025 0:00,"Router: BR-INET-RT-A 
 Neighbor IP: 12.91.173.93 
 State: Idle
 
 Trigger Time: Friday, November 28, 2025 3:50 AM
 
 Router Details: https://orion.int.mgc.com:443/Orion/NetPerfMon/NodeDetails.aspx?NetObject=N:3782 
 
 
 KB: KB0014447
 
 BR-INET-RT-A
 AT&T: 12.91.173.93
 
 BR-INET-RT-B
 Spectrum: 173.197.80.1
 Lumen: 4.38.224.189
 
 LV-INET-RT-A
 AT&T: 12.124.140.25
 
 LV-INET-RT-B
 Lumen: 65.56.156.121
 Spectrum: 173.197.165.33",0,"Incident resolved based on closure of problem PRB0057790 - Brea DC - AT&T ADI & MPLS Circuits Down with notes:
 Circuits L4YS624632ATI and L4YS914196ATI are up since 00:08 PT, and NOC is proceeding with stabling this issue."
INC6048037,PRB0057782,23/11/2025 23:54,,NOC - Firewall Rebooted LSANCA-INETX-FW,Firewall,Performance,Closed,NOC,SW User,3 - Low,3 - Low,29/11/2025 00:00,"This alert is triggered when there is a change to the ""Last Boot"" time on the device, indicating a reboot.
 
 If there is no active change, please escalate to the on-call for the device.
 
 This alert will need to be manually cleared from the SolarWinds alert page.
 
 Trigger Time: Sunday, November 23, 2025 11:54 PM
 Device: LSANCA-INETX-FW 
 IP: 10.96.47.26
 
 Last Boot: 11/23/2025 11:46:00 PM
 
 
 
 
 View full device details here: https://orion.int.mgc.com:443/Orion/NetPerfMon/NodeDetails.aspx?NetObject=N:4004.
 View full alert details here: https://orion.int.mgc.com:443/Orion/View.aspx?NetObject=AAT:31126
 
 KB:",1,
INC6047737,,21/11/2025 02:52,,BGP Peer 10.10.12.50 - AWS TGW on LV-WAG-RT-B vrf CSP flapping in PRTG,Router,Performance,Closed,Network Engineering,Dhakshnamurthy Supritha (Contractor) (T63878),3 - Low,3 - Low,28/11/2025 00:00,"NOC observed that the BGP Peer 10.10.12.50 – AWS TGW on LV-WAG-RT-B (VRF: CSP) triggered an alert at 02:37 PST and cleared at 02:48 PST. It retriggered again at 02:51 PST and cleared at 02:54 PST.
 
 
 
 Issue - BGP Peer 10.10.12.50 – AWS TGW on LV-WAG-RT-B vrf CSP Flapping on PRTG 
 
 Flapped Timings - 11/21/2025 02:37 PST - 02:48 PST and 02:51 PST - 02:54 PST",0,"this looks to be due to AWS maintenance.
 
 
 
 
 
 ""Planned maintenance has been scheduled on an AWS Direct Connect endpoint in Switch SUPERNAP 8, Las Vegas, NV from Fri, 21 Nov 2025 10:00:00 GMT to Fri, 21 Nov 2025 14:00:00 GMT for 4 hours. During this maintenance window, your AWS Direct Connect services listed below may become unavailable. 
 
 
 
 dxvif-ffy3c3vv 
 
 dxcon-fgnql9di 
 
 
 
 This maintenance is scheduled to avoid disrupting redundant connections at the same time. """
INC6047382,,20/11/2025 00:36,,BGP Peer 173.197.165.33 not established on LV-INET-RT-B,Network,Performance,Closed,NOC,SW User,1 - High,1 - High,24/11/2025 00:00,"Router: LV-INET-RT-B 
 Neighbor IP: 173.197.165.33 
 State: Idle
 
 Trigger Time: Thursday, November 20, 2025 12:36 AM
 
 Router Details: https://orion.int.mgc.com:443/Orion/NetPerfMon/NodeDetails.aspx?NetObject=N:3845 
 
 
 KB: 
 
 BR-INET-RT-A
 AT&T: 12.91.173.93
 
 BR-INET-RT-B
 Spectrum: 173.197.80.1
 Lumen: 4.38.224.189
 
 LV-INET-RT-A
 AT&T: 12.124.140.25
 
 LV-INET-RT-B
 Lumen: 65.56.156.121
 Spectrum: 173.197.165.33",0,Alert reset - issue detected as resolved by SolarWinds Platform.
INC6045725,PRB0057754,17/11/2025 04:00,,NOC - Node down alert RCHVCA-INETX-FW,Firewall,Performance,Closed,NOC,SW User,1 - High,1 - High,21/11/2025 00:00,"NOC - Node down alert 
 
 Device: RCHVCA-INETX-FW
 IP: 10.82.49.10
 Trigger Time: Monday, November 17, 2025 4:00 AM
 
 KB:",0,"Incident resolved based on closure of problem PRB0057754 - Devices down at Rancho Haven Training Center with notes:
 Issue is resolved after restarting the Spectrum modem."
INC6045724,PRB0057754,17/11/2025 03:59,,NOC - Node down alert RCHVCA-CORE-SW,Switch,Performance,Closed,NOC,SW User,1 - High,1 - High,21/11/2025 00:00,"NOC - Node down alert 
 
 Device: RCHVCA-CORE-SW
 IP: 10.82.48.2
 Trigger Time: Monday, November 17, 2025 3:59 AM
 
 KB:",0,"Incident resolved based on closure of problem PRB0057754 - Devices down at Rancho Haven Training Center with notes:
 Issue is resolved after restarting the Spectrum modem."
INC6045723,PRB0057754,17/11/2025 03:58,,NOC - Node down alert RCHVCA-MGMT-CS01,Network,Performance,Closed,NOC,SW User,1 - High,1 - High,21/11/2025 00:00,"NOC - Node down alert 
 
 Device: RCHVCA-MGMT-CS01
 IP: 10.82.49.200
 Trigger Time: Monday, November 17, 2025 3:58 AM
 
 KB:",0,"Incident resolved based on closure of problem PRB0057754 - Devices down at Rancho Haven Training Center with notes:
 Issue is resolved after restarting the Spectrum modem."
INC6043638,,11/11/2025 9:03,,BR-A6-BDR-LEAF1 (10.32.65.43) AT&T# BFEC.638976..ATI LEC# 13/KGGS/577333 - DCI to Las Vegas down,Network,Performance,Closed,NOC,Alexander Corey (M104669),3 - Low,3 - Low,15/11/2025 00:00,"At 08:39 PT, NOC received an alert that 1/3 DCIs was briefly down for BR-A6-BDR-LEAF1 (10.32.65.43) AT&T# BFEC.638976..ATI LEC# 13/KGGS/577333 - DCI to Las Vegas
 
 
 
 This recovered within 2 minutes and there was no impact as there is redundancy.",0,This recovered within 2 minutes and there was no impact as there is redundancy.
INC6042601,,07/11/2025 5:59,07/11/2025 10:30,Ontario Spectrum Gateway Alerting in PRTG,Network,Performance,Closed,NOC,Dhakshnamurthy Supritha (Contractor) (T63878),3 - Low,3 - Low,11/11/2025 0:00,"NOC received Ontario Spectrum Gateway alert in PRTG
 
 
 
 Issue: Ontario Spectrum Gateway (PING) alerting down in PRTG.
 
 Error: Request timed out (ICMP error # 11010)
 
 
 
 NOTE: No abnormalities found in SW. The circuit is UP and running.",0,"This was removed as the new circuit has been up since October 2025.
 
 
 
 Per Raul:
 
 The sensor that is alerting is for the old Spectrum circuit (76.80.221.97). This sensor should have been deleted as part of CHG0153225 when we turned up the new circuit."
INC6042350,,06/11/2025 11:09,,Network - Br-int-fw-1 - ethernet1/9 interface is down,Network,Performance,Closed,NOC,Alexander Corey (M104669),3 - Low,3 - Low,10/11/2025 0:00,"NOC received an alert for Br-int-fw-1 that ethernet1/9 interface was down. Escalated to network engineer on-call.
 
 This is the only interface down on that device.",0,Data Center Personnel Alfred Fuentes swapped out bad SFP transceiver with a new 10GBASE-SRL SFP transceiver. Network Engineering personnel Raul Camacho validated that the port was not operational. No further actions to report. Per ITASK0287231
INC6040907,,03/11/2025 14:24,,Switch: Performance Troubleshoot,Switch,Performance,Closed,Network Engineering,Jonathan Bergquist (M103816),3 - Low,3 - Low,22/11/2025 00:00,"PRTG alerting BR-J10-SW2 power supply 2 in disabled state
 
 
 
 Fan Status Speed Speed Uptime Stability Uptime 
 
 --- ------ ------ ------ ------------------- --------- ------------------- 
 
 1/1 Ok 40% 40% 1854 days, 21:52:28 Stable 1854 days, 21:51:47 
 
 2/1 Ok 40% 39% 1854 days, 21:52:28 Stable 1854 days, 21:51:45 
 
  
 
 Power Input Output Output 
 
 Supply Model Capacity Current Current Power Status 
 
 ------ ------------ -------- ------- ------- ------ ---------- 
 
 1 PWR-00194-01 65W N/A N/A N/A Ok 
 
 2 PWR-00194-01 65W N/A N/A N/A Power Loss 
 
 Total -- 65W -- -- N/A --",0,Switch has been decommissioned via CHG0154375.
INC6040087,,30/10/2025 22:16,,Network: Performance Troubleshoot,Network,Performance,Closed,Network Engineering,Etta Thanujalakshmi (Contractor) (T63879),3 - Low,3 - Low,10/11/2025 0:00,"NOC - Node down alert 
 
 
 
 Device: brprpnet200
 
 IP: 10.32.64.32
 
 Trigger Time: Thursday, October 30, 2025 9:36 PM
 
 
 
 KB:",0,"The device is up, no reboots."
INC6039354,,28/10/2025 17:02,,NOC - Firewall Rebooted pano1.int.mgc.com,Firewall,Performance,Closed,NOC,SW User,1 - High,1 - High,01/11/2025 0:00,"This alert is triggered when there is a change to the ""Last Boot"" time on the device, indicating a reboot.
 
 If there is no active change, please escalate to the on-call for the device.
 
 This alert will need to be manually cleared from the SolarWinds alert page.
 
 Trigger Time: Tuesday, October 28, 2025 5:02 PM
 Device: pano1.int.mgc.com 
 IP: 10.32.50.155
 
 Last Boot: 10/28/2025 5:02:00 PM
 
 
 
 
 View full device details here: https://orion.int.mgc.com:443/Orion/NetPerfMon/NodeDetails.aspx?NetObject=N:665.
 View full alert details here: https://orion.int.mgc.com:443/Orion/View.aspx?NetObject=AAT:31026
 
 KB:",0,"This is one of the servers of our management tool, there is no impact due to the reboot. ticket with vendor will be opened by Armando for the root cause."
INC6037600,,22/10/2025 10:18,,BGP Peer 12.124.140.25 not established on LV-INET-RT-A,Network,Performance,Closed,NOC,SW User,1 - High,1 - High,26/10/2025 00:00,"Router: LV-INET-RT-A 
 Neighbor IP: 12.124.140.25 
 State: Idle
 
 Trigger Time: Wednesday, October 22, 2025 10:18 AM
 
 Router Details: https://orion.int.mgc.com:443/Orion/NetPerfMon/NodeDetails.aspx?NetObject=N:3844 
 
 
 KB: 
 
 BR-INET-RT-A
 AT&T: 12.91.173.93
 
 BR-INET-RT-B
 Spectrum: 173.197.80.1
 Lumen: 4.38.224.189
 
 LV-INET-RT-A
 AT&T: 12.124.140.25
 
 LV-INET-RT-B
 Lumen: 65.56.156.121
 Spectrum: 173.197.165.33",0,Alert reset - issue detected as resolved by SolarWinds Platform.
INC6036618,PRB0057652,17/10/2025 01:03,,BGP Peer 12.124.140.25 not established on LV-INET-RT-A,Network,Performance,Closed,NOC,SW User,1 - High,1 - High,21/10/2025 00:00,"Router: LV-INET-RT-A 
 Neighbor IP: 12.124.140.25 
 State: Idle
 
 Trigger Time: Friday, October 17, 2025 1:03 AM
 
 Router Details: https://orion.int.mgc.com:443/Orion/NetPerfMon/NodeDetails.aspx?NetObject=N:3844 
 
 
 KB: 
 
 BR-INET-RT-A
 AT&T: 12.91.173.93
 
 BR-INET-RT-B
 Spectrum: 173.197.80.1
 Lumen: 4.38.224.189
 
 LV-INET-RT-A
 AT&T: 12.124.140.25
 
 LV-INET-RT-B
 Lumen: 65.56.156.121
 Spectrum: 173.197.165.33",0,"Incident resolved based on closure of problem PRB0057652 - Las Vegas DC - AT&T DIA Circuit Down - #CS2306298 with notes:
 AT&T Ticket has been created, and circuit came back up at 01:52 PDT. All alerts cleared and circuit has been stable."
INC6033684,PRB0057612,06/10/2025 19:43,,NOC - Firewall Rebooted RCHVCA-INETX-FW,Firewall,Performance,Closed,NOC,SW User,1 - High,1 - High,10/10/2025 0:00,"This alert is triggered when there is a change to the ""Last Boot"" time on the device, indicating a reboot.
 
 If there is no active change, please escalate to the on-call for the device.
 
 This alert will need to be manually cleared from the SolarWinds alert page.
 
 Trigger Time: Monday, October 6, 2025 7:43 PM
 Device: RCHVCA-INETX-FW 
 IP: 10.82.49.10
 
 Last Boot: 10/6/2025 7:35:00 PM
 
 
 
 
 View full device details here: https://orion.int.mgc.com:443/Orion/NetPerfMon/NodeDetails.aspx?NetObject=N:3793.
 View full alert details here: https://orion.int.mgc.com:443/Orion/View.aspx?NetObject=AAT:30957
 
 KB:",2,
INC6032837,PRB0057607,04/10/2025 21:15,,BGP Peer 12.91.173.93 not established on BR-INET-RT-A,Network,Performance,Closed,NOC,SW User,1 - High,1 - High,09/10/2025 0:00,"Router: BR-INET-RT-A 
 Neighbor IP: 12.91.173.93 
 State: Idle
 
 Trigger Time: Saturday, October 4, 2025 9:15 PM
 
 Router Details: https://orion.int.mgc.com:443/Orion/NetPerfMon/NodeDetails.aspx?NetObject=N:3782 
 
 
 KB: KB0014447
 
 BR-INET-RT-A
 AT&T: 12.91.173.93
 
 BR-INET-RT-B
 Spectrum: 173.197.80.1
 Lumen: 4.38.224.189
 
 LV-INET-RT-A
 AT&T: 12.124.140.25
 
 LV-INET-RT-B
 Lumen: 65.56.156.121
 Spectrum: 173.197.165.33",0,"Incident resolved based on closure of problem PRB0057607 - Brea DC - AT&T ADI & MPLS Circuits Down with notes:
 Circuits L4YS624632ATI and L4YS914196ATI are up since 10:52 PT, and NOC is proceeding with stabilizing the problem."
INC6031765,,30/09/2025 14:04,,BGP Peer 12.91.173.93 not established on BR-INET-RT-A,Network,Performance,Closed,NOC,SW User,1 - High,1 - High,04/10/2025 0:00,"Router: BR-INET-RT-A 
 Neighbor IP: 12.91.173.93 
 State: Idle
 
 Trigger Time: Tuesday, September 30, 2025 2:04 PM
 
 Router Details: https://orion.int.mgc.com:443/Orion/NetPerfMon/NodeDetails.aspx?NetObject=N:3782 
 
 
 KB: KB0014447
 
 BR-INET-RT-A
 AT&T: 12.91.173.93
 
 BR-INET-RT-B
 Spectrum: 173.197.80.1
 Lumen: 4.38.224.189
 
 LV-INET-RT-A
 AT&T: 12.124.140.25
 
 LV-INET-RT-B
 Lumen: 65.56.156.121
 Spectrum: 173.197.165.33",0,Alert reset - issue detected as resolved by SolarWinds Platform.
INC6030693,,25/09/2025 19:28,,(tunnel.13) Tunnel Interface to Ontario (Secondary) Traffic alerting on BR-Branch-VPN-FW,Firewall,Performance,Closed,NOC,Byregowda R (Prof Serv) (T63994),3 - Low,3 - Low,30/09/2025 00:00,"(tunnel.13) Tunnel Interface to Ontario (Secondary) Traffic alerting on BR-Branch-VPN-FW
 
 Alerting on: PRTG
 
 Alert triggered at - 17:23 PT (09/25)",0,George confirmed that this interface can be removed.
INC6030621,,25/09/2025 14:07,,NOC - Node down alert ONTRCA-MGMT-CS01,Network,Performance,Closed,NOC,SW User,1 - High,1 - High,29/09/2025 00:00,"NOC - Node down alert 
 
 Device: ONTRCA-MGMT-CS01
 IP: 10.82.57.200
 Trigger Time: Thursday, September 25, 2025 2:07 PM
 
 KB:",0,Alert reset - issue detected as resolved by Orion.
INC6030620,,25/09/2025 14:05,25/09/2025 15:00,NOC - Node down alert ONTRCA-INETX-FW,Network,Performance,Closed,NOC,SW User,1 - High,1 - High,29/09/2025 00:00,"NOC - Node down alert 
 
 Device: ONTRCA-INETX-FW
 IP: 10.82.57.20
 Trigger Time: Thursday, September 25, 2025 2:05 PM
 
 KB:",0,Alert reset - issue detected as resolved by Orion.
INC6030589,,25/09/2025 12:26,25/09/2025 15:00,NOC - Node down alert ONTMD-UPS,Network,Performance,Closed,NOC,SW User,1 - High,1 - High,29/09/2025 00:00,"NOC - Node down alert 
 
 Device: ONTMD-UPS
 IP: 10.82.57.64
 Trigger Time: Thursday, September 25, 2025 12:26 PM
 
 KB:",0,Alert reset - issue detected as resolved by Orion.
INC6025876,,06/09/2025 6:40,,NOC - Firewall Rebooted CLRWATER-FW2,Firewall,Performance,Closed,NOC,SW User,1 - High,1 - High,10/09/2025 0:00,"This alert is triggered when there is a change to the ""Last Boot"" time on the device, indicating a reboot.
 
 If there is no active change, please escalate to the on-call for the device.
 
 This alert will need to be manually cleared from the SolarWinds alert page.
 
 Trigger Time: Saturday, September 6, 2025 6:40 AM
 Device: CLRWATER-FW2 
 IP: 10.97.47.12
 
 Last Boot: 9/6/2025 6:38:00 AM
 
 
 
 
 View full device details here: https://orion.int.mgc.com:443/Orion/NetPerfMon/NodeDetails.aspx?NetObject=N:3658.
 View full alert details here: https://orion.int.mgc.com:443/Orion/View.aspx?NetObject=AAT:30833
 
 KB:",1,
INC6025875,,06/09/2025 6:30,,NOC - Node down alert CLRWATER-FW2,Firewall,Performance,Closed,NOC,SW User,1 - High,1 - High,10/09/2025 0:00,"NOC - Node down alert 
 
 Device: CLRWATER-FW2
 IP: 10.97.47.12
 Trigger Time: Saturday, September 6, 2025 6:30 AM
 
 KB:",0,Alert reset - issue detected as resolved by Orion.
INC6025006,PRB0057486,03/09/2025 12:52,,NOC - Node down alert LSANCA-FLR3-SW,Network,Performance,Closed,NOC,SW User,1 - High,1 - High,07/09/2025 0:00,"NOC - Node down alert 
 
 Device: LSANCA-FLR3-SW
 IP: 10.96.47.13
 Trigger Time: Wednesday, September 3, 2025 12:52 PM
 
 KB:",0,Alert reset - issue detected as resolved by Orion.
INC6023525,,30/08/2025 00:11,02/09/2025 14:00,Few ClearPass servers alerting SNMP System Uptime down in PRTG,Network,Performance,Closed,NOC,Sagaturu X Rekha (Prof Serv) (T63981),3 - Low,3 - Low,06/09/2025 0:00,"NOC is observing SMNP System Uptime down in PRTG for the following servers, however all are pingable and up in SolarWinds:
 
 
 
 lvprlnet101 (10.60.50.31)
 
 lvprlnet102 (10.60.50.33)
 
 brprlnet101 (10.32.50.31)
 
 brprlnet102 (10.32.50.33)",0,no action was taken. back up at 8:38 AM this morning.
INC6020417,PRB0057422,19/08/2025 01:26,,BGP Peer 12.91.173.93 not established on BR-INET-RT-A,Network,Performance,Closed,NOC,SW User,1 - High,1 - High,23/08/2025 00:00,"Router: BR-INET-RT-A 
 Neighbor IP: 12.91.173.93 
 State: Idle
 
 Trigger Time: Tuesday, August 19, 2025 1:26 AM
 
 Router Details: https://orion.int.mgc.com:443/Orion/NetPerfMon/NodeDetails.aspx?NetObject=N:3782 
 
 
 KB: KB0014447
 
 BR-INET-RT-A
 AT&T: 12.91.173.93
 
 BR-INET-RT-B
 Spectrum: 173.197.80.1
 Lumen: 4.38.224.189
 
 LV-INET-RT-A
 AT&T: 12.124.140.25
 
 LV-INET-RT-B
 Lumen: 65.56.156.121
 Spectrum: 173.197.165.33",1,"Incident resolved based on closure of problem PRB0057422 - Brea DC - AT&T ADI & MPLS Circuits Down with notes:
 AT&T Tickets have been created and circuits have come back up at 02:32 PDT. All alerts cleared and circuits have been stable."
INC6018603,,12/08/2025 0:07,,NOC - Node down alert NEW-RCMNCA-INET-FW,Firewall,Performance,Closed,NOC,SW User,1 - High,1 - High,16/08/2025 00:00,"NOC - Node down alert 
 
 Device: NEW-RCMNCA-INET-FW
 IP: 10.96.129.10
 Trigger Time: Tuesday, August 12, 2025 12:07 AM
 
 KB:",0,Alert reset - issue detected as resolved by Orion.
INC6016773,PRB0057367,05/08/2025 0:26,,NOC - Node down alert LAHBCA-INETX-FW-NEW,Firewall,Performance,Closed,NOC,SW User,1 - High,1 - High,09/08/2025 0:00,"NOC - Node down alert 
 
 Device: LAHBCA-INETX-FW-NEW
 IP: 10.80.0.10
 Trigger Time: Tuesday, August 5, 2025 12:26 AM
 
 KB:",0,"Incident resolved based on closure of problem PRB0057367 - Lambert Storage (La Habra) - Momentary Spectrum outage - #ECT-84846013 with notes:
 All devices have been up since 12:26 AM PDT. Spectrum maintenance has been completed."
INC6016771,PRB0057367,05/08/2025 0:25,,NOC - Node down alert Lambert-Southend-SW2,Switch,Performance,Closed,NOC,SW User,1 - High,1 - High,09/08/2025 0:00,"NOC - Node down alert 
 
 Device: Lambert-Southend-SW2
 IP: 10.80.0.9
 Trigger Time: Tuesday, August 5, 2025 12:25 AM
 
 KB:",0,"Incident resolved based on closure of problem PRB0057367 - Lambert Storage (La Habra) - Momentary Spectrum outage - #ECT-84846013 with notes:
 All devices have been up since 12:26 AM PDT. Spectrum maintenance has been completed."
INC6014764,,28/07/2025 02:04,29/07/2025 10:00,Router: Performance Troubleshoot,Router,Performance,Closed,Network Engineering,Anusha S (Contractor) (T63877),3 - Low,3 - Low,10/11/2025 0:00,"LV-WAG-RT-B (AWE-5310)
 
 
 
 BGP Peer 10.10.12.50 - AWS TGW
 
 
 
 Following interfaces went down and back within 5 min
 
 (Ethernet1/7) AWS ckt# dxcon-fgnql9di Traffic
 
 (Ethernet1/7.315) AWS ckt# dxcon-fgnql9di Traffic",0,"Circuit recovered by itself, no ticket opened with vendor"
INC6014232,,24/07/2025 18:30,28/07/2025 10:00,Interface down on LSANCA-CORE-SW,Switch,Performance,Closed,NOC,Byregowda R (Prof Serv) (T63994),3 - Low,3 - Low,01/08/2025 0:00,(Port 1/1/8 · NAC EXEMPT - IMAGING) - Interface is down on LSANCA-CORE-SW,0,Interface removed per Seth's request. This should
INC6014104,PRB0057316,24/07/2025 11:30,,BGP Peer 12.91.173.93 not established on BR-INET-RT-A,Network,Performance,Closed,NOC,SW User,1 - High,1 - High,28/07/2025 00:00,"Router: BR-INET-RT-A 
 Neighbor IP: 12.91.173.93 
 State: Idle
 
 Trigger Time: Thursday, July 24, 2025 11:29 AM
 
 Router Details: https://orion.int.mgc.com:443/Orion/NetPerfMon/NodeDetails.aspx?NetObject=N:3782 
 
 
 KB: KB0014447
 
 BR-INET-RT-A
 AT&T: 12.91.173.93
 
 BR-INET-RT-B
 Spectrum: 173.197.80.1
 Lumen: 4.38.224.189
 
 LV-INET-RT-A
 AT&T: 12.124.140.25
 
 LV-INET-RT-B
 Lumen: 65.56.156.121
 Spectrum: 173.197.165.33",0,"Incident resolved based on closure of problem PRB0057316 - Brea DC - ATT MPLS and ADI 10G Circuits down with notes:
 All services have been restored"
INC6012674,PRB0057299,18/07/2025 02:54,,BGP Peer 12.124.140.25 not established on LV-INET-RT-A,Network,Performance,Closed,NOC,SW User,1 - High,1 - High,22/07/2025 00:00,"Router: LV-INET-RT-A 
 Neighbor IP: 12.124.140.25 
 State: Idle
 
 Trigger Time: Friday, July 18, 2025 2:54 AM
 
 Router Details: https://orion.int.mgc.com:443/Orion/NetPerfMon/NodeDetails.aspx?NetObject=N:3844 
 
 
 KB: 
 
 BR-INET-RT-A
 AT&T: 12.91.173.93
 
 BR-INET-RT-B
 Spectrum: 173.197.80.1
 Lumen: 4.38.224.189
 
 LV-INET-RT-A
 AT&T: 12.124.140.25
 
 LV-INET-RT-B
 Lumen: 65.56.156.121
 Spectrum: 173.197.165.33",0,"Incident resolved based on closure of problem PRB0057299 - Las Vegas DC - AT&T Circuit Down - Loss of Redundant Circuit Internal Router with notes:
 AT&T technician has restarted service.
 
 
 
 AT&T: Your Case ticket has been closed on 2025-07-18 20:13:45 GMT with the following notes:
 
 All service is spliced and showing restored. Damage due to Vandalism."
INC6011426,PRB0057278,14/07/2025 02:43,,BGP Peer 12.91.173.93 not established on BR-INET-RT-A,Network,Performance,Closed,NOC,SW User,1 - High,1 - High,18/07/2025 00:00,"Router: BR-INET-RT-A 
 Neighbor IP: 12.91.173.93 
 State: Idle
 
 Trigger Time: Monday, July 14, 2025 2:43 AM
 
 Router Details: https://orion.int.mgc.com:443/Orion/NetPerfMon/NodeDetails.aspx?NetObject=N:3782 
 
 
 KB: KB0014447
 
 BR-INET-RT-A
 AT&T: 12.91.173.93
 
 BR-INET-RT-B
 Spectrum: 173.197.80.1
 Lumen: 4.38.224.189
 
 LV-INET-RT-A
 AT&T: 12.124.140.25
 
 LV-INET-RT-B
 Lumen: 65.56.156.121
 Spectrum: 173.197.165.33",0,"Incident resolved based on closure of problem PRB0057278 - Brea DC - AT&T ADI Circuit Down with notes:
 AT&T ADI Circuit is up and stable from 07/14 - 19:02 PDT."
INC6009517,,02/07/2025 14:33,03/07/2025 16:00,SolarWinds alert for ONTRCA-INETX-FW tunnel.3 · Brea 2 Tunnel on Secondary ISP Cradle Point.,Network,Performance,Closed,NOC,Alexander Corey (M104669),3 - Low,3 - Low,07/07/2025 0:00,"NOC received an alert in SolarWinds for ONTRCA-INETX-FW tunnel.3 · Brea 2 Tunnel on Secondary ISP Cradle Point. This same sensor is not in PRTG, NOC is checking with Network Engineering to see if this is expected.",0,"George from NetEng confirmed that this does not need to be monitored in SW. It was only being monitored in SW and not PRTG, so it's likely that the NOC added it by mistake at some point."
INC6008539,PRB0057217,29/06/2025 06:02,,BGP Peer 12.91.173.93 not established on BR-INET-RT-A,Network,Performance,Closed,NOC,SW User,1 - High,1 - High,03/07/2025 0:00,"Router: BR-INET-RT-A 
 Neighbor IP: 12.91.173.93 
 State: Idle
 
 Trigger Time: Sunday, June 29, 2025 6:02 AM
 
 Router Details: https://orion.int.mgc.com:443/Orion/NetPerfMon/NodeDetails.aspx?NetObject=N:3782 
 
 
 KB: KB0014447
 
 BR-INET-RT-A
 AT&T: 12.91.173.93
 
 BR-INET-RT-B
 Spectrum: 173.197.80.1
 Lumen: 4.38.224.189
 
 LV-INET-RT-A
 AT&T: 12.124.140.25
 
 LV-INET-RT-B
 Lumen: 65.56.156.121
 Spectrum: 173.197.165.33",0,"Incident resolved based on closure of problem PRB0057217 - AT&T- BGPv4 - down for the Brea Data Center with notes:
 AT&T circuit is back up our monitoring and Circuit is stable since 17:11 PT 06/29"
INC6008520,,28/06/2025 07:14,,(StackPort3) StackPort3 Traffic Down on BR-ROWD-MGMT-SW,Switch,Performance,Closed,Network Engineering,Mrrdul Sharma (Contractor) (T63884),3 - Low,3 - Low,04/07/2025 0:00,"REPORTED BY: PRTG
 
 REPORTED ISSUE: [PRTG Network Monitor] BR-ROWD-MGMT-SW (StackPort3) StackPort3 Traffic (SNMP Traffic) Down (intraffic=No Such Name (SNMP error # 2)) 
 
 AREA REPORTED FROM: Brea DC
 
 REPORTED IMPACT: NA
 
 RUNBOOK AVAILABLE: NA
 
 ESCALATION TEAM: Network Engineering 
 
 ROOT CAUSE/CONDITION: UI",0,Nothing was done to bring this up.
INC6008300,,27/06/2025 08:32,,Switch: Performance Troubleshoot,Switch,Performance,Closed,Network Engineering,Jonathan Bergquist (M103816),3 - Low,3 - Low,01/07/2025 0:00,"Device: BR-ClosetH-SW (aka BR-IDF-1D)
 
 
 
 
 
 show environment power-supply
 
 ------------------------------------------------------------------------------
 
  Product Serial PSU Input Voltage Wattage
 
 Mbr/PSU Number Number Status Type Range Maximum
 
 ------------------------------------------------------------------------------
 
 1/1 JL087A CN05GZB9GC OK AC 110V-240V 1050
 
 1/2 JL087A CN05GZB92G OK AC 110V-240V 1050
 
 2/1 JL087A CN05GZB9FC OK AC 110V-240V 1050
 
 2/2 JL086A CN05GZ9JKW Output Fault AC 100V-240V 0
 
 3/1 JL086A CN05GZ9JKZ OK AC 100V-240V 680
 
 3/2 JL086A CN05GZ9R2D OK AC 100V-240V 680
 
 4/1 JL087A CN05GZB956 OK AC 110V-240V 1050
 
 4/2 JL087A TH11GZBT5Y OK AC 110V-240V 1050",0,There was a loose power cable. Alfred plugged it back in and Psu came back up.
INC6006765,PRB0057180,20/06/2025 11:31,,NOC - Node down alert CLWRFL-CORE-SW.mercuryinsurance.com,Network,Performance,Closed,NOC,SW User,1 - High,1 - High,24/06/2025 00:00,"NOC - Node down alert 
 
 Device: CLWRFL-CORE-SW.mercuryinsurance.com
 IP: 10.97.32.2
 Trigger Time: Friday, June 20, 2025 11:31 AM
 
 KB:",1,"Incident resolved based on closure of problem PRB0057180 - Network - Clearwater Florida - Multiple network related alerts (Lumen #32061717) with notes:
 NOC observed that the tunnel has remained stable since 11:29 PT. Lumen team confirmed that repair work has been completed. So, stabling PRB0057180."
INC6006762,PRB0057180,20/06/2025 11:20,,NOC - Node down alert CLWRFL-FLR3-SW.mercuryinsurance.com,Network,Performance,Closed,NOC,SW User,1 - High,1 - High,24/06/2025 00:00,"NOC - Node down alert 
 
 Device: CLWRFL-FLR3-SW.mercuryinsurance.com
 IP: 10.97.47.127
 Trigger Time: Friday, June 20, 2025 11:20 AM
 
 KB:",1,"Incident resolved based on closure of problem PRB0057180 - Network - Clearwater Florida - Multiple network related alerts (Lumen #32061717) with notes:
 NOC observed that the tunnel has remained stable since 11:29 PT. Lumen team confirmed that repair work has been completed. So, stabling PRB0057180."
INC6006759,PRB0057180,20/06/2025 11:19,,NOC - Node down alert CLWRFL-MGMT-CS01,Network,Performance,Closed,NOC,SW User,1 - High,1 - High,24/06/2025 00:00,"NOC - Node down alert 
 
 Device: CLWRFL-MGMT-CS01
 IP: 10.97.47.200
 Trigger Time: Friday, June 20, 2025 11:19 AM
 
 KB:",1,"Incident resolved based on closure of problem PRB0057180 - Network - Clearwater Florida - Multiple network related alerts (Lumen #32061717) with notes:
 NOC observed that the tunnel has remained stable since 11:29 PT. Lumen team confirmed that repair work has been completed. So, stabling PRB0057180."
INC6006607,,20/06/2025 00:25,,BGP Peer 173.197.80.1 not established on BR-INET-RT-B,Network,Performance,Closed,NOC,SW User,1 - High,1 - High,24/06/2025 00:00,"Router: BR-INET-RT-B 
 Neighbor IP: 173.197.80.1 
 State: Idle
 
 Trigger Time: Friday, June 20, 2025 12:25 AM
 
 Router Details: https://orion.int.mgc.com:443/Orion/NetPerfMon/NodeDetails.aspx?NetObject=N:3783 
 
 
 KB: KB0014447
 
 BR-INET-RT-A
 AT&T: 12.91.173.93
 
 BR-INET-RT-B
 Spectrum: 173.197.80.1
 Lumen: 4.38.224.189
 
 LV-INET-RT-A
 AT&T: 12.124.140.25
 
 LV-INET-RT-B
 Lumen: 65.56.156.121
 Spectrum: 173.197.165.33",0,Alert reset - issue detected as resolved by SolarWinds Platform.
INC6004590,PRB0057133,11/06/2025 15:15,,BGP Peer 65.56.156.121 not established on LV-INET-RT-B,Network,Performance,Closed,NOC,SW User,1 - High,1 - High,15/06/2025 00:00,"Router: LV-INET-RT-B 
 Neighbor IP: 65.56.156.121 
 State: Idle
 
 Trigger Time: Wednesday, June 11, 2025 3:15 PM
 
 Router Details: https://orion.int.mgc.com:443/Orion/NetPerfMon/NodeDetails.aspx?NetObject=N:3845 
 
 
 KB: 
 
 BR-INET-RT-A
 AT&T: 12.91.173.93
 
 BR-INET-RT-B
 Spectrum: 173.197.80.1
 Lumen: 4.38.224.189
 
 LV-INET-RT-A
 AT&T: 12.124.140.25
 
 LV-INET-RT-B
 Lumen: 65.56.156.121
 Spectrum: 173.197.165.33",0,"Incident resolved based on closure of problem PRB0057133 - Lumen DIA# 444864840 circuit outage with notes:
 Lumen confirmed Power restored at the location. Service levels have been restored and are fully functional. Alerts cleared."
INC6004295,PRB0057128,11/06/2025 5:16,,ONTRCA-INETX-FW - tunnel.2 Folsom Tunnel and tunnel.1 · Brea Tunnel- Down,Network,Performance,Closed,Network Engineering,Dhakshnamurthy Supritha (Contractor) (T63878),3 - Low,3 - Low,15/06/2025 00:00,"REPORTED BY: SW
 
 REPORTED ISSUE: ONTRCA-INETX-FW - (tunnel.2/1) Folsom/Brea Tunnel - Down
 
 AREA REPORTED FROM: Ontario 
 
 REPORTED IMPACT: NA
 
 RUNBOOK AVAILABLE: 
 
 ESCALATION TEAM: Network Engineering
 
 REPORTED NOC ALERT(S): ONTRCA-INETX-FW - (tunnel.2/1) Folsom/ Brea Tunnel - Down",0,"Incident resolved based on closure of problem PRB0057128 - ONTRCA-INETX-FW - tunnel.2 Folsom Tunnel and tunnel.1 · Brea Tunnel- Down with notes:
 Stabling this issue, as users are able to connect to the internet and no impact has been observed."
INC6003480,,08/06/2025 15:08,08/06/2025 18:00,Ethernet1/1 · LV-BDR-LEAF1A:eth30 on LV-XNET-VPN3 flapped,Network,Performance,Closed,Network Engineering,Dhakshnamurthy Supritha (Contractor) (T63878),3 - Low,3 - Low,14/06/2025 00:00,The Interface Ethernet1/1 · LV-BDR-LEAF1A:eth30 on LV-XNET-VPN3 flapped twice and restored back to normal within a minute.,0,this is backup. i checked the emails and there was no email about this.
INC6003207,,06/06/2025 0:29,,BGP Peer 173.197.165.33 not established on LV-INET-RT-B,Network,Performance,Closed,NOC,SW User,1 - High,1 - High,10/06/2025 0:00,"Router: LV-INET-RT-B 
 Neighbor IP: 173.197.165.33 
 State: Idle
 
 Trigger Time: Friday, June 6, 2025 12:29 AM
 
 Router Details: https://orion.int.mgc.com:443/Orion/NetPerfMon/NodeDetails.aspx?NetObject=N:3845 
 
 
 KB: 
 
 BR-INET-RT-A
 AT&T: 12.91.173.93
 
 BR-INET-RT-B
 Spectrum: 173.197.80.1
 Lumen: 4.38.224.189
 
 LV-INET-RT-A
 AT&T: 12.124.140.25
 
 LV-INET-RT-B
 Lumen: 65.56.156.121
 Spectrum: 173.197.165.33",0,Alert reset - issue detected as resolved by SolarWinds Platform.
INC6001217,PRB0057057,29/05/2025 00:26,29/05/2025 08:00,BGP Peer 12.91.173.93 not established on BR-INET-RT-A,Network,Performance,Closed,NOC,SW User,1 - High,1 - High,02/06/2025 0:00,"Router: BR-INET-RT-A 
 Neighbor IP: 12.91.173.93 
 State: Idle
 
 Trigger Time: Thursday, May 29, 2025 12:26 AM
 
 Router Details: https://orion.int.mgc.com:443/Orion/NetPerfMon/NodeDetails.aspx?NetObject=N:3782 
 
 
 KB: KB0014447
 
 BR-INET-RT-A
 AT&T: 12.91.173.93
 
 BR-INET-RT-B
 Spectrum: 173.197.80.1
 Lumen: 4.38.224.189
 
 LV-INET-RT-A
 AT&T: 12.124.140.25
 
 LV-INET-RT-B
 Lumen: 65.56.156.121
 Spectrum: 173.197.165.33",0,"Incident resolved based on closure of problem PRB0057057 - BGP Peer 12.91.173.93 not established on BR-INET-RT-A - AT&T maintenance L4YS624632ATI with notes:
 BGP peering established. Stabling."
INC6000376,PRB0057043,24/05/2025 20:03,,BGP Peer 65.56.156.121 not established on LV-INET-RT-B,Network,Performance,Closed,NOC,SW User,1 - High,1 - High,28/05/2025 00:00,"Router: LV-INET-RT-B 
 Neighbor IP: 65.56.156.121 
 State: Idle
 
 Trigger Time: Saturday, May 24, 2025 8:03 PM
 
 Router Details: https://orion.int.mgc.com:443/Orion/NetPerfMon/NodeDetails.aspx?NetObject=N:3845 
 
 
 KB: 
 
 BR-INET-RT-A
 AT&T: 12.91.173.93
 
 BR-INET-RT-B
 Spectrum: 173.197.80.1
 Lumen: 4.38.224.189
 
 LV-INET-RT-A
 AT&T: 12.124.140.25
 
 LV-INET-RT-B
 Lumen: 65.56.156.121
 Spectrum: 173.197.165.33",1,"Incident resolved based on closure of problem PRB0057043 - Momentary Loss of Connectivity (Redundant Circuit) - LV - Lumen Ticket #31843767 with notes:
 Lumen replaced the failed card successfully, thus restoring services to a stable state."
INC5997464,PRB0056998,13/05/2025 03:15,,BGP Peer 12.124.140.25 not established on LV-INET-RT-A,Network,Performance,Closed,NOC,SW User,1 - High,1 - High,17/05/2025 00:00,"Router: LV-INET-RT-A 
 Neighbor IP: 12.124.140.25 
 State: Idle
 
 Trigger Time: Tuesday, May 13, 2025 3:15 AM
 
 Router Details: https://orion.int.mgc.com:443/Orion/NetPerfMon/NodeDetails.aspx?NetObject=N:3844 
 
 
 KB: 
 
 BR-INET-RT-A
 AT&T: 12.91.173.93
 
 BR-INET-RT-B
 Spectrum: 173.197.80.1
 Lumen: 4.38.224.189
 
 LV-INET-RT-A
 AT&T: 12.124.140.25
 
 LV-INET-RT-B
 Lumen: 65.56.156.121
 Spectrum: 173.197.165.33",0,"Incident resolved based on closure of problem PRB0056998 - Loss of Redundant Circuit Internal Router - Las Vegas with notes:
 Circuit is up since 3:30 AM PDT. Ticket #CS1559523 with AT&T remains open for RCA"
INC5997457,PRB0056997,13/05/2025 00:05,,BGP Peer 12.91.173.93 not established on BR-INET-RT-A,Network,Performance,Closed,NOC,SW User,1 - High,1 - High,17/05/2025 00:00,"Router: BR-INET-RT-A 
 Neighbor IP: 12.91.173.93 
 State: Idle
 
 Trigger Time: Tuesday, May 13, 2025 12:05 AM
 
 Router Details: https://orion.int.mgc.com:443/Orion/NetPerfMon/NodeDetails.aspx?NetObject=N:3782 
 
 
 KB: KB0014447
 
 BR-INET-RT-A
 AT&T: 12.91.173.93
 
 BR-INET-RT-B
 Spectrum: 173.197.80.1
 Lumen: 4.38.224.189
 
 LV-INET-RT-A
 AT&T: 12.124.140.25
 
 LV-INET-RT-B
 Lumen: 65.56.156.121
 Spectrum: 173.197.165.33",0,"Incident resolved based on closure of problem PRB0056997 - AT&T- BGPv4 - down for the Brea Data Center with notes:
 Circuit is up since 03:11 AM PDT. CS1559106 has been created with AT&T for RCA"
INC5994919,,01/05/2025 16:59,26/12/2025 17:00,Volume is Critical: BR-Branch-VPN-FW-Slot-1 Management Memory (Pano Case: #03506915),Firewall,Performance,Awaiting Evidence,NOC,SW User,4 - Planning,4 - Planning,22/12/2025 17:56,"Node: BR-Branch-VPN-FW
 Volume BR-Branch-VPN-FW-Slot-1 Management Memory:
  Total size: 6.9 G
  Free space: 0 
  Percent used: 100 %
 
 Trigger Time: Thursday, May 1, 2025 4:59 PM",6,
INC5993544,PRB0056939,26/04/2025 11:44,,NOC - Firewall Rebooted NEW-RCMNCA-INET-FW,Firewall,Performance,Closed,NOC,SW User,1 - High,1 - High,01/05/2025 0:00,"This alert is triggered when there is a change to the ""Last Boot"" time on the device, indicating a reboot.
 
 If there is no active change, please escalate to the on-call for the device.
 
 Trigger Time: Saturday, April 26, 2025 11:44 AM
 Device: NEW-RCMNCA-INET-FW 
 IP: 10.96.129.10
 
 Last Boot: 4/26/2025 11:39:00 AM
 
 
 
 
 View full device details here: https://orion.int.mgc.com:443/Orion/NetPerfMon/NodeDetails.aspx?NetObject=N:3959.
 View full alert details here: https://orion.int.mgc.com:443/Orion/View.aspx?NetObject=AAT:30285
 
 KB:",1,Firewall has been up. Cleared triggered instance of alert on SW.
INC5993496,PRB0056937,25/04/2025 20:14,,NOC - Firewall Rebooted ONTRCA-INETX-FW,Firewall,Performance,Closed,NOC,SW User,1 - High,1 - High,01/05/2025 0:00,"This alert is triggered when there is a change to the ""Last Boot"" time on the device, indicating a reboot.
 
 If there is no active change, please escalate to the on-call for the device.
 
 Trigger Time: Friday, April 25, 2025 8:14 PM
 Device: ONTRCA-INETX-FW 
 IP: 10.82.57.20
 
 Last Boot: 4/25/2025 8:07:00 PM
 
 
 
 
 View full device details here: https://orion.int.mgc.com:443/Orion/NetPerfMon/NodeDetails.aspx?NetObject=N:3876.
 View full alert details here: https://orion.int.mgc.com:443/Orion/View.aspx?NetObject=AAT:30283
 
 KB:",3,Firewall has been up. Cleared triggered instance of alert on SW.
INC5993194,,25/04/2025 06:46,,NOC - Node down alert OKCYOK-MGMT-CS01,Network,Performance,Closed,NOC,SW User,1 - High,1 - High,29/04/2025 00:00,"NOC - Node down alert 
 
 Device: OKCYOK-MGMT-CS01
 IP: 10.96.97.200
 Trigger Time: Friday, April 25, 2025 6:46 AM
 
 KB:",0,This was related to CHG0148586 - Normal: Production: IMAC - Close and Shutdown OKC Location
INC5993169,,25/04/2025 05:46,,NOC - Node down alert OKCYOK-FL1EAST-SW-A.mercuryinsurance.com,Network,Performance,Closed,NOC,SW User,1 - High,1 - High,29/04/2025 00:00,"NOC - Node down alert 
 
 Device: OKCYOK-FL1EAST-SW-A.mercuryinsurance.com
 IP: 10.96.97.4
 Trigger Time: Friday, April 25, 2025 5:46 AM
 
 KB:",0,This was related to CHG0148586 - Normal: Production: IMAC - Close and Shutdown OKC Location
INC5993168,,25/04/2025 05:45,,NOC - Node down alert OKCYOK-INETX-FW,Network,Performance,Closed,NOC,SW User,1 - High,1 - High,29/04/2025 00:00,"NOC - Node down alert 
 
 Device: OKCYOK-INETX-FW
 IP: 10.96.97.10
 Trigger Time: Friday, April 25, 2025 5:45 AM
 
 KB:",0,This was related to CHG0148586 - Normal: Production: IMAC - Close and Shutdown OKC Location
INC5992851,,24/04/2025 04:10,25/04/2025 09:00,Network: Performance Switch,Network,Performance,Closed,Network Engineering,Etta Thanujalakshmi (Contractor) (T63879),3 - Low,3 - Low,07/06/2025 0:00,"NOC has observed that Ethernet50/1 (p2p-to-Spine2) is down in both PRTG and SolarWinds since 3:51 AM PDT. Upon reviewing the logs, it appears that the issue is recurring with continuous flapping since yesterday.",0,bad transceiver was replaced
INC5992021,PRB0056915,21/04/2025 16:38,,BGP Peer 12.91.173.93 not established on BR-INET-RT-A,Network,Performance,Closed,NOC,SW User,1 - High,1 - High,27/04/2025 00:00,"Router: BR-INET-RT-A 
 Neighbor IP: 12.91.173.93 
 State: Idle
 
 Trigger Time: Monday, April 21, 2025 4:38 PM
 
 Router Details: https://orion.int.mgc.com:443/Orion/NetPerfMon/NodeDetails.aspx?NetObject=N:3782 
 
 
 KB: KB0014447
 
 BR-INET-RT-A
 AT&T: 12.91.173.93
 
 BR-INET-RT-B
 Spectrum: 173.197.80.1
 Lumen: 4.38.224.189
 
 LV-INET-RT-A
 AT&T: 12.124.140.25
 
 LV-INET-RT-B
 Lumen: 65.56.156.121
 Spectrum: 173.197.165.33",2,"Incident resolved based on closure of problem PRB0056915 - Brea AT&T BGP peer is down - AT&T ticket #CS1512460 with notes:
 NOC contacted AT&T and they confirmed that the restoration work has been completed, and all services have been restored.
 
 NOC has verified SW and PRTG monitoring tools the BGP peer is up.
 
 RFO: Fiber cut
 
 
 
 Link has been stable for over 2 days. Stabling out BRP."
INC5989399,PRB0056874,11/04/2025 0:49,,BGP Peer 12.124.140.25 not established on LV-INET-RT-A,Network,Performance,Closed,NOC,SW User,1 - High,1 - High,15/04/2025 00:00,"Router: LV-INET-RT-A 
 Neighbor IP: 12.124.140.25 
 State: Idle
 
 Trigger Time: Friday, April 11, 2025 12:49 AM
 
 Router Details: https://orion.int.mgc.com:443/Orion/NetPerfMon/NodeDetails.aspx?NetObject=N:3844 
 
 
 KB: 
 
 BR-INET-RT-A
 AT&T: 12.91.173.93
 
 BR-INET-RT-B
 Spectrum: 173.197.80.1
 Lumen: 4.38.224.189
 
 LV-INET-RT-A
 AT&T: 12.124.140.25
 
 LV-INET-RT-B
 Lumen: 65.56.156.121
 Spectrum: 173.197.165.33",0,"Incident resolved based on closure of problem PRB0056874 - BGPv4 Peer: 12.124.140.25 AT&T DIA is down with notes:
 Alerts have been cleared and were caused by AT&T maintenance."
INC5989021,,09/04/2025 19:45,,Interfaces were momentarily down in our monitoring - Triggered by CHG0148561/CTASK0690136,Network,Inquiry / Help,Closed,Network Engineering,Mrrdul Sharma (Contractor) (T63884),3 - Low,3 - Low,14/04/2025 00:00,"The alerts for interfaces were triggered due to changes associated with CHG0148561/CTASK0690136. As discussed with Remi on Teams, it was noted that he forgot to include these interfaces in the change request. Going forward, please ensure that the full description, including all relevant interfaces, is mentioned in the change request to avoid false positives in the future.",0,"Even though it was momentarily but since it was Las Vegas, NOC verified with Remi, and he confirmed it was triggered due to CHG0148561/CTASK0690136."
INC5988276,,07/04/2025 18:02,10/04/2025 11:00,Switch: Performance Troubleshoot,Switch,Performance,Closed,NOC,Dhakshnamurthy Supritha (Contractor) (T63878),3 - Low,3 - Low,13/04/2025 00:00,"Power Supply 1 status is alerting down in BR-E1-LEAF1 (Model 7050SX3-48YC8)
 
 
 
 Tracking through an incident as we have a back-up Power Supply 2 status",0,PSU installed and reporting up in monitoring. Closing INC.
INC5987483,,03/04/2025 16:33,10/04/2025 9:00,Network: Inquiry Troubleshoot,Network,Inquiry / Help,Closed,NOC,Alexander Corey (M104669),3 - Low,3 - Low,13/04/2025 00:00,"Escalated this alert to Remi and Sean from NetEng. Ethernet26 · BR-VLS-A:Blade1:2.2 is alerting in SW only, because it is paused in PRTG.
 
 
 
 When we added these via CTASK0631567 last year, there was a note to keep some of them paused indefinitely. Today, we see one of these sensors alerting in SolarWinds: Ethernet26 · BR-VLS-A:Blade1:2.2 on BR-A7-SVC-LEAF4",0,Added new PRTG sensors.
INC5984675,,25/03/2025 02:49,25/03/2025 14:00,Firewall pano2.int.mgc.com down on PRTG,Firewall,Performance,Closed,NOC,Sagaturu X Rekha (Prof Serv) (T63981),3 - Low,3 - Low,02/05/2025 20:50,"The device ""pano2.int.mgc.com"" is still showing as down on PRTG, but the node down alert cleared on SW on 03/24 at 01:29 PM PDT.
 
 
 
 INC5982560 on 03/19 says - Per Remi, this will be replaced by Michael Cafferty on Monday, 03/24 when he goes to the Vegas DC.
 
 
 
 Current status of the firewall pano2.int.mgc.com (IP: 10.60.50.155) on SW:
 
 Node is Up.
 
 Overall Hardware Status (Node) 'Overall Hardware Status' has state: Could Not Poll.
 
 Interface 'mgmt' has state: Unknown.
 
 One or more Volumes have state: Unknown.
 
 
 
 Note: There is NO IMPACT. This is a redundant management console for the firewalls, and the primary (pano1.int.mgc.com
 
  - IP: 10.32.50.155) is up and working fine.",0,"Remi worked with Michael Cafferty to replace Pano2 at The Switch. After configuring SNMPv3 today, everything is polling as expected."
INC5984018,,21/03/2025 16:18,,"RCHVCA-SW-A - Port down Port 1/1/47 · RCHVCA-INETX-FW:1/4, lag55",Network,Performance,Closed,NOC,Kim Thompson (M105206),3 - Low,3 - Low,28/03/2025 00:00,"Link is down Port 1/1/47 · RCHVCA-INETX-FW:1/4, lag55
 
 There is one other link in the lag that remains up, so there is redundancy",0,This was resolved by George after he went onsite. There was a loose cable.
INC5982995,PRB0056787,19/03/2025 00:35,19/03/2025 06:15,BGP Peer 173.197.80.1 not established on BR-INET-RT-B,Network,Performance,Closed,NOC,SW User,1 - High,1 - High,23/03/2025 00:00,"Router: BR-INET-RT-B 
 Neighbor IP: 173.197.80.1 
 State: Idle
 
 Trigger Time: Wednesday, March 19, 2025 12:35 AM
 
 Router Details: https://orion.int.mgc.com:443/Orion/NetPerfMon/NodeDetails.aspx?NetObject=N:3783 
 
 
 KB: KB0014447
 
 BR-INET-RT-A
 AT&T: 12.91.173.93
 
 BR-INET-RT-B
 Spectrum: 173.197.80.1
 Lumen: 4.38.224.189
 
 LV-INET-RT-A
 AT&T: 12.124.140.25
 
 LV-INET-RT-B
 Lumen: 65.56.156.121
 Spectrum: 173.197.165.33",0,"Incident resolved based on closure of problem PRB0056787 - BGP Peer 173.197.80.1 not established on BR-INET-RT-B with notes:
 BGP Peer has been bounced back. Issue resolved."
INC5982560,,17/03/2025 13:57,24/03/2025 11:00,NOC - Node down alert pano2.int.mgc.com,Firewall,Performance,Closed,NOC,SW User,3 - Low,3 - Low,28/03/2025 00:00,"NOC - Node down alert 
 
 Device: pano2.int.mgc.com
 IP: 10.60.50.155
 Trigger Time: Monday, March 17, 2025 1:57 PM
 
 KB:",2,Alert reset - issue detected as resolved by Orion.
INC5982042,,14/03/2025 12:55,,TEST ALERT: BGP Peer 173.197.165.33 not established on LV-INET-RT-B,Network,Performance,Closed,NOC,SW User,4 - Planning,4 - Planning,18/03/2025 00:03,"Router: LV-INET-RT-B 
 
 Neighbor IP: 173.197.165.33 
 
 State: Established
 
 
 
 Trigger Time: Monday, January 27, 2025 11:47 PM
 
 
 
 Router Details: https://orion.int.mgc.com:443/Orion/NetPerfMon/NodeDetails.aspx?NetObject=N:3845 
 
 
 
 
 
 KB: 
 
 
 
 
 
 BR-INET-RT-A
 
 AT&T: 12.91.173.93 
 
 
 
 BR-INET-RT-B
 
 Spectrum: 173.197.80.1
 
 Lumen: 4.38.224.189
 
 
 
 LV-INET-RT-A 
 
 AT&T: 12.124.140.25 
 
 
 
 LV-INET-RT-B
 
 Lumen: 65.56.156.121 
 
 Spectrum: 173.197.165.33",0,No issue. This was only a test of the SolarWinds alert configuration to see that the alert would fire and create an incident as expected. This is only possible in the production SNOW environment.
INC5981794,,14/03/2025 03:56,,Network: Performance Troubleshoot,Network,Performance,Closed,Network Engineering,Shubham X Chaturvedi (Prof Serv) (T63980),3 - Low,3 - Low,18/03/2025 00:02,"BGPv4 Peer: 173.197.165.33 Spectrum DIA is down on LV-INET-RT-B, please let us know if this is down due to following maintenance.
 
 
 
 - We have spectrum Maintenace for 
 
 -------------------------------------------------------------
 
 Ticket CRQ000012711393/TAS000013746282
 
 Time Zone Pacific 
 
 Planned Start 03/14/2025 12:00AM PDT
 
 Planned End 03/14/2025 06:00AM PDT
 
 
 
 Impact Details: 
 
 Impact Type Loss of Service
 
 Duration 180 (minutes)
 
 
 
 Circuits: 
 
 70.L4XX.000280..CHTR 7135 S DECATUR BLVD, LAS VEGAS NV Loss of Service 
 
 70.L4XX.000226..CHTR 555 W IMPERIAL HWY, BREA CA Loss of Service",0,seth resolved this by stoping and restarting bgp. the router applied Damping to the session to stop flapping
INC5981218,PRB0056772,12/03/2025 9:47,15/03/2025 04:00,Clearwater Florida sensors in alert due to defective FW (CHG0147808),Network,Performance,Closed,NOC,Alexander Corey (M104669),3 - Low,3 - Low,18/03/2025 00:01,"Multiple alerts related to Clrwater-FW1 - 10.97.47.13
 
 
 
 No traffic is going through FW1 and it is currently suspended. All traffic is going through FW2.
 
  
 
 The defective firewall is: Clrwater-FW1 - 10.97.47.13",0,"Incident resolved based on closure of problem PRB0056772 - Clrwater-FW1 alerting due to defective FW (CHG0147808) with notes:
 03/14/2025
 
 15:17 PT - Change completed successfully and NOC confirmed monitoring is up as expected."
INC5980276,,07/03/2025 18:03,,Network: Performance Switch,Network,Performance,Closed,NOC,Etta Thanujalakshmi (Contractor) (T63879),3 - Low,3 - Low,07/04/2025 0:00,"Sensor Power Supply 2 status on BR-I1-LEAF1 Device is alerting in PRTG.
 
 
 
 Armando Reyes has created a ticket with TAC - 633598
 
 
 
 NOTE: The switch is still up on the second power supply.",0,"As soon as the SNMP agent was restarted, PSU2 showed healthy in PRTG. Closing this INC."
INC5979938,,06/03/2025 16:55,07/03/2025 8:00,Network: Performance Troubleshoot,Network,Performance,Closed,NOC,SW User,1 - High,1 - High,07/03/2025 13:29,"NOC - Node down alert 
 
 Device: BR-PDU-I6A
 IP: 10.32.36.82
 Trigger Time: Thursday, March 6, 2025 4:55 PM
 
 KB:",0,Alert reset - issue detected as resolved by Orion.
INC5978444,,01/03/2025 17:15,07/03/2025 15:00,Network: Performance Power Outage,Network,Performance,Closed,NOC,Byregowda R (Prof Serv) (T63994),3 - Low,3 - Low,11/03/2025 0:00,"CHG0147515 - Normal: Production: Datacenter - Replace 2 PDUs (Power Distribution Units) Saturday March 1st, 2025, at 1:00PM - 5:00PM Pacific Time - Closed incomplete.
 
 
 
 - Below devices are in maintenance till 03/03 15:00 PST as per the request from Alfred Fuentes - he will require service desk assistance to update his serial cable driver so that he can properly configure each PDU unit.
 
 
 
 BR-PDU-I5A 10.32.36.80
 
 BR-PDU-I5B 10.32.36.81
 
 BR-PDU-I6A 10.32.36.82
 
 BR-PDU-I6B 10.32.26.83",0,"I5/I6 A/B PDUs are up after Alfred finished his upgrades. PDUs have been switched to SNMP V3, as well."
INC5977441,PRB0056745,26/02/2025 00:07,,NOC - Node down alert NEW-RCMNCA-INET-FW,Firewall,,Closed,NOC,SW User,1 - High,1 - High,05/03/2025 0:00,"NOC - Node down alert 
 
 Device: NEW-RCMNCA-INET-FW
 IP: 10.96.129.10
 Trigger Time: Wednesday, February 26, 2025 12:07 AM
 
 KB:",4,"Incident resolved based on closure of problem PRB0056745 - loss of connectivity - New Rancho Cucamonga with notes:
 Spectrum - The outage that was affecting the site has been resolved and we are currently seeing your modem as online with good signals."
INC5977439,PRB0056745,26/02/2025 00:06,,NOC - Node down alert New RCMNCA-SW-A,Switch,,Closed,NOC,SW User,1 - High,1 - High,05/03/2025 0:00,"NOC - Node down alert 
 
 Device: New RCMNCA-SW-A
 IP: 10.96.128.2
 Trigger Time: Wednesday, February 26, 2025 12:06 AM
 
 KB:",2,"Incident resolved based on closure of problem PRB0056745 - loss of connectivity - New Rancho Cucamonga with notes:
 Spectrum - The outage that was affecting the site has been resolved and we are currently seeing your modem as online with good signals."
INC5976383,PRB0056698,22/02/2025 04:10,,NOC - Node down alert CLRWATER-FW1,Firewall,,Closed,NOC,SW User,1 - High,1 - High,27/02/2025 00:00,"NOC - Node down alert 
 
 Device: CLRWATER-FW1
 IP: 10.97.47.13
 Trigger Time: Saturday, February 22, 2025 4:10 AM
 
 KB:",2,Alert reset - issue detected as resolved by Orion.
INC5975383,,19/02/2025 22:58,,Volume is Critical: LSANCA-FLR3-SW-Cached memory,Switch,Performance,Closed,NOC,SW User,1 - High,1 - High,23/02/2025 00:01,"Node: LSANCA-FLR3-SW
 Volume LSANCA-FLR3-SW-Cached memory:
  Total size: 3.9 G
  Free space: 0 
  Percent used: 100 %
 
 Trigger Time: Wednesday, February 19, 2025 10:58 PM",0,"Alerts triggered due to CTASK0679323. Called Rahul(Change Requester), he confirmed that no need to monitor Cache and shared memory.
 
 
 
 Alerts got cleared after removing cache and shared memory"
INC5975334,,19/02/2025 16:57,,NOC - Node down alert LSANCA-FLR1-SW-A.mercuryinsurance.com,Switch,Performance,Closed,NOC,SW User,1 - High,1 - High,23/02/2025 00:01,"NOC - Node down alert 
 
 Device: LSANCA-FLR1-SW-A.mercuryinsurance.com
 IP: 10.96.47.11
 Trigger Time: Wednesday, February 19, 2025 4:57 PM
 
 KB:",0,Alert reset - issue detected as resolved by Orion.
INC5974935,,18/02/2025 17:50,19/02/2025 09:00,Switch: Performance Troubleshoot,Switch,Performance,Closed,Network Engineering,Mrrdul Sharma (Contractor) (T63884),3 - Low,3 - Low,23/02/2025 00:00,"Aruba wired power supply sensor is down due to a ""String not found"" error in the fault output.
 
 
 
 ==================
 
 
 
 The power supply on switch 4 is down, we need someone to check the power cable and discard that this is related to a loose cable.
 
 Armando / Network eng. team will check later with the team who will be onsite to assist.",0,Power cable was disconnected on switch stack member 4
INC5973059,,11/02/2025 13:28,,Switch: Performance Troubleshoot,Switch,Performance,Closed,Network Engineering,Jonathan Bergquist (M103816),3 - Low,3 - Low,21/02/2025 00:00,"I see two PSU/Fan hardware sensors showing critical in SolarWinds for these two devices. Both for Fex-104.
 
 
 
 BR-A5-MGMT-SW-A - Fex-104 PSU2
 
 BR-A8-MGMT-SW-B - Fex-104 PSU2
 
 
 
 
 
 If this is intentional, let me know and I'll remove the monitoring for those in SolarWinds.
 
 
 
 I attempted to SSH and get the details but received a AAA auth error trying to retrieve the environmental details.",0,"PS has been replaced 
 
 
 
 Fan Fex: 104:
 
 ------------------------------------------------------
 
 Fan Model Hw Status
 
 ------------------------------------------------------
 
 Chassis N2K-C2248-FAN -- ok
 
 PS-1 N2200-PAC-400W -- ok
 
 PS-2 N2200-PAC-400W -- ok
 
 
 
 
 
 Power Supply Fex 104:
 
 ---------------------------------------------------------------------------
 
 Voltage: 12 Volts
 
 -----------------------------------------------------
 
 PS Model Power Power Status
 
  (Watts) (Amp) 
 
 -----------------------------------------------------
 
 1 N2200-PAC-400W 396.00 33.00 ok 
 
 2 N2200-PAC-400W 396.00 33.00 ok"
INC5972417,,09/02/2025 2:53,14/02/2025 10:00,Ethernet50/1 · p2p-to-Spine2 & Ethernet3/1 · BR-A6-SVC-LEAF3: eth50/1 are down,Network,Performance,Closed,NOC,Mrrdul Sharma (Contractor) (T63884),3 - Low,3 - Low,18/02/2025 00:00,"NOC has observed that Ethernet50/1 (p2p-to-Spine2) and Ethernet3/1 (BR-A6-SVC-LEAF3: eth50/1) are down in both PRTG and SolarWinds. Upon reviewing the logs in PRTG, it appears that the issue is recurring with continuous flapping. Please investigate further.",0,
INC5970328,,01/02/2025 1:49,,Sensors and devices alerting post change CHG0146564 & CHG0146630,Switch,Performance,Closed,NOC,Deepak R (Contractor) (T63883),3 - Low,3 - Low,08/02/2025 0:00,"- Sensors alerting post change[CHG0146564]
 
 CLWRFL-CORE-SW - 10.97.32.2
 
 CLWRFL-FLR3-SW-A - 10.97.47.128
 
 CLWRFL-FLR5-SW-A - 10.97.47.129
 
 
 
 - Firewalls alerting due to change (CHG0146630)
 
 CLRWATER-FW1 - 10.97.47.11
 
 CLRWATER-FW2 - 10.97.47.12
 
 As per change implementer George Martinez the IPs for the Florida firewalls have been changed to 10.97.47.13/14 respectively and they are up.
 
 Note: It was not mentioned in CTASK0674439 to Add, remove or modify the devices IPs.
 
 
 
 - Florida devices are on maintenance. per CTASK0674410
 
 
 
 NOTE: This is a known scenario where NOC want to config monitoring tool after discussing with the change implementor.",0,"Sensors and monitoring have been adjusted for the changed devices and for the devices that have been removed, the monitoring has been paused and will soon be removed. Devices are no longer alerting."
INC5970313,,31/01/2025 21:03,,NOC - Node down alert CLWRFL-FLR5-SW-A.mercuryinsurance.com,Switch,Performance,Closed,NOC,SW User,1 - High,1 - High,05/02/2025 0:00,"NOC - Node down alert 
 
 Device: CLWRFL-FLR5-SW-A.mercuryinsurance.com
 IP: 10.97.47.129
 Trigger Time: Friday, January 31, 2025 9:03 PM
 
 KB:",1,Alert reset - issue detected as resolved by Orion.
INC5968077,,24/01/2025 08:30,,SNMP blocked to DNS servers,Firewall,Inquiry / Help,Closed,NOC,Jonathan Bergquist (M103816),3 - Low,3 - Low,02/05/2025 20:49,"Pano logs show blocks to SNMP traffic to these four servers beginning at 10:38 PT:
 
 
 
 brprldns001 199.102.9.201
 
 brprldns002 199.102.9.202
 
 foprldns001 199.102.12.201
 
 foprldns002 199.102.12.202",0,"Pano automatic thread and application updates were pushed last night. This only affected the traffic that was included in the the rules to the DMZ where these IPs reside for the dns servers.
 
 
 
 Sean resolved the issue and monitoring is back to normal."